unify name,binance name,okex name
1INCH.BTC,1INCHBTC,
1INCH.BUSD,1INCHBUSD,
1INCH.ETH,,1INCH-ETH
1INCH.USDT,1INCHUSDT,1INCH-USDT
1INCHDOWN.USDT,1INCHDOWNUSDT,
1INCHUP.USDT,1INCHUPUSDT,
AAC.USDT,,AAC-USDT
AAVE.BKRW,AAVEBKRW,
AAVE.BNB,AAVEBNB,
AAVE.BTC,AAVEBTC,AAVE-BTC
AAVE.BUSD,AAVEBUSD,
AAVE.ETH,AAVEETH,AAVE-ETH
AAVE.USDT,AAVEUSDT,AAVE-USDT
AAVEDOWN.USDT,AAVEDOWNUSDT,
AAVEUP.USDT,AAVEUPUSDT,
ABT.BTC,,ABT-BTC
ABT.ETH,,ABT-ETH
ABT.USDT,,ABT-USDT
ACM.BTC,ACMBTC,
ACM.BUSD,ACMBUSD,
ACM.USDT,ACMUSDT,
ACT.BTC,,ACT-BTC
ACT.USDT,,ACT-USDT
ADA.AUD,ADAAUD,
ADA.BKRW,ADABKRW,
ADA.BNB,ADABNB,
ADA.BRL,ADABRL,
ADA.BTC,ADABTC,ADA-BTC
ADA.BUSD,ADABUSD,
ADA.ETH,ADAETH,ADA-ETH
ADA.EUR,ADAEUR,
ADA.GBP,ADAGBP,
ADA.PAX,ADAPAX,
ADA.RUB,ADARUB,
ADA.TRY,ADATRY,
ADA.TUSD,ADATUSD,
ADA.USDC,ADAUSDC,
ADA.USDT,ADAUSDT,ADA-USDT
ADADOWN.USDT,ADADOWNUSDT,
ADAUP.USDT,ADAUPUSDT,
ADX.BNB,ADXBNB,
ADX.BTC,ADXBTC,
ADX.ETH,ADXETH,
AE.BNB,AEBNB,
AE.BTC,AEBTC,AE-BTC
AE.ETH,AEETH,AE-ETH
AE.USDT,,AE-USDT
AERGO.BTC,AERGOBTC,AERGO-BTC
AERGO.BUSD,AERGOBUSD,
AERGO.USDT,,AERGO-USDT
AGI.BNB,AGIBNB,
AGI.BTC,AGIBTC,
AGI.ETH,AGIETH,
AION.BNB,AIONBNB,
AION.BTC,AIONBTC,
AION.BUSD,AIONBUSD,
AION.ETH,AIONETH,
AION.USDT,AIONUSDT,
AKRO.BTC,AKROBTC,
AKRO.USDT,AKROUSDT,
ALGO.BNB,ALGOBNB,
ALGO.BTC,ALGOBTC,ALGO-BTC
ALGO.BUSD,ALGOBUSD,
ALGO.PAX,ALGOPAX,
ALGO.TUSD,ALGOTUSD,
ALGO.USDC,ALGOUSDC,
ALGO.USDK,,ALGO-USDK
ALGO.USDT,ALGOUSDT,ALGO-USDT
ALICE.BTC,ALICEBTC,
ALICE.BUSD,ALICEBUSD,
ALICE.USDT,ALICEUSDT,
ALPHA.BNB,ALPHABNB,
ALPHA.BTC,ALPHABTC,ALPHA-BTC
ALPHA.BUSD,ALPHABUSD,
ALPHA.USDT,ALPHAUSDT,ALPHA-USDT
ALV.USDT,,ALV-USDT
AMB.BNB,AMBBNB,
AMB.BTC,AMBBTC,
AMB.ETH,AMBETH,
ANC.USDT,,ANC-USDT
ANKR.BNB,ANKRBNB,
ANKR.BTC,ANKRBTC,
ANKR.PAX,ANKRPAX,
ANKR.TUSD,ANKRTUSD,
ANKR.USDC,ANKRUSDC,
ANKR.USDT,ANKRUSDT,
ANT.BNB,ANTBNB,
ANT.BTC,ANTBTC,ANT-BTC
ANT.BUSD,ANTBUSD,
ANT.USDT,ANTUSDT,ANT-USDT
ANW.USDT,,ANW-USDT
API3.ETH,,API3-ETH
API3.USDT,,API3-USDT
APIX.USDT,,APIX-USDT
APM.USDT,,APM-USDT
APPC.BNB,APPCBNB,
APPC.BTC,APPCBTC,
APPC.ETH,APPCETH,
ARDR.BNB,ARDRBNB,
ARDR.BTC,ARDRBTC,ARDR-BTC
ARDR.ETH,ARDRETH,
ARDR.USDT,ARDRUSDT,
ARK.BTC,ARKBTC,ARK-BTC
ARK.ETH,ARKETH,
ARK.USDT,,ARK-USDT
ARN.BTC,ARNBTC,
ARN.ETH,ARNETH,
ARPA.BNB,ARPABNB,
ARPA.BTC,ARPABTC,
ARPA.USDT,ARPAUSDT,
ASR.BTC,ASRBTC,
ASR.USDT,ASRUSDT,
AST.BTC,ASTBTC,
AST.ETH,ASTETH,
AST.USDT,,AST-USDT
ATM.BTC,ATMBTC,
ATM.USDT,ATMUSDT,
ATOM.BNB,ATOMBNB,
ATOM.BTC,ATOMBTC,ATOM-BTC
ATOM.BUSD,ATOMBUSD,
ATOM.ETH,,ATOM-ETH
ATOM.PAX,ATOMPAX,
ATOM.TUSD,ATOMTUSD,
ATOM.USDC,ATOMUSDC,
ATOM.USDT,ATOMUSDT,ATOM-USDT
AUCTION.BTC,AUCTIONBTC,
AUCTION.BUSD,AUCTIONBUSD,
AUCTION.USDT,,AUCTION-USDT
AUD.BUSD,AUDBUSD,
AUD.USDT,AUDUSDT,
AUDIO.BTC,AUDIOBTC,
AUDIO.BUSD,AUDIOBUSD,
AUDIO.USDT,AUDIOUSDT,
AUTO.BTC,AUTOBTC,
AUTO.BUSD,AUTOBUSD,
AUTO.USDT,AUTOUSDT,
AVA.BNB,AVABNB,
AVA.BTC,AVABTC,
AVA.BUSD,AVABUSD,
AVA.USDT,AVAUSDT,
AVAX.BNB,AVAXBNB,
AVAX.BTC,AVAXBTC,AVAX-BTC
AVAX.BUSD,AVAXBUSD,
AVAX.ETH,,AVAX-ETH
AVAX.EUR,AVAXEUR,
AVAX.TRY,AVAXTRY,
AVAX.USDT,AVAXUSDT,AVAX-USDT
AXS.BNB,AXSBNB,
AXS.BTC,AXSBTC,
AXS.BUSD,AXSBUSD,
AXS.USDT,AXSUSDT,
BADGER.BTC,BADGERBTC,BADGER-BTC
BADGER.BUSD,BADGERBUSD,
BADGER.USDT,BADGERUSDT,BADGER-USDT
BAKE.BNB,BAKEBNB,
BAKE.BUSD,BAKEBUSD,
BAL.BNB,BALBNB,
BAL.BTC,BALBTC,BAL-BTC
BAL.BUSD,BALBUSD,
BAL.USDT,BALUSDT,BAL-USDT
BAND.BNB,BANDBNB,
BAND.BTC,BANDBTC,
BAND.BUSD,BANDBUSD,
BAND.USDT,BANDUSDT,BAND-USDT
BAT.BNB,BATBNB,
BAT.BTC,BATBTC,BAT-BTC
BAT.BUSD,BATBUSD,
BAT.ETH,BATETH,
BAT.PAX,BATPAX,
BAT.TUSD,BATTUSD,
BAT.USDC,BATUSDC,
BAT.USDT,BATUSDT,BAT-USDT
BCD.BTC,BCDBTC,BCD-BTC
BCD.ETH,BCDETH,
BCD.USDT,,BCD-USDT
BCH.BNB,BCHBNB,
BCH.BTC,BCHBTC,BCH-BTC
BCH.BUSD,BCHBUSD,
BCH.EUR,BCHEUR,
BCH.PAX,BCHPAX,
BCH.TUSD,BCHTUSD,
BCH.USDC,BCHUSDC,BCH-USDC
BCH.USDK,,BCH-USDK
BCH.USDT,BCHUSDT,BCH-USDT
BCHA.BTC,,BCHA-BTC
BCHA.BUSD,BCHABUSD,
BCHA.USDT,,BCHA-USDT
BCHDOWN.USDT,BCHDOWNUSDT,
BCHSV.BTC,BCHSVBTC,
BCHSV.PAX,BCHSVPAX,
BCHSV.TUSD,BCHSVTUSD,
BCHSV.USDC,BCHSVUSDC,
BCHSV.USDT,BCHSVUSDT,
BCHUP.USDT,BCHUPUSDT,
BCPT.BNB,BCPTBNB,
BCPT.BTC,BCPTBTC,
BCPT.ETH,BCPTETH,
BCPT.PAX,BCPTPAX,
BCPT.TUSD,BCPTTUSD,
BCPT.USDC,BCPTUSDC,
BCX.BTC,,BCX-BTC
BEAM.BNB,BEAMBNB,
BEAM.BTC,BEAMBTC,
BEAM.USDT,BEAMUSDT,
BEAR.BUSD,BEARBUSD,
BEAR.USDT,BEARUSDT,
BEL.BNB,BELBNB,
BEL.BTC,BELBTC,
BEL.BUSD,BELBUSD,
BEL.USDT,BELUSDT,
BETH.ETH,BETHETH,BETH-ETH
BETH.USDT,,BETH-USDT
BGBP.USDC,BGBPUSDC,
BHP.BTC,,BHP-BTC
BHP.USDT,,BHP-USDT
BIFI.BNB,BIFIBNB,
BIFI.BUSD,BIFIBUSD,
BKRW.BUSD,BKRWBUSD,
BKRW.USDT,BKRWUSDT,
BLOC.USDT,,BLOC-USDT
BLZ.BNB,BLZBNB,
BLZ.BTC,BLZBTC,
BLZ.BUSD,BLZBUSD,
BLZ.ETH,BLZETH,
BLZ.USDT,BLZUSDT,
BNB.AUD,BNBAUD,
BNB.BIDR,BNBBIDR,
BNB.BKRW,BNBBKRW,
BNB.BRL,BNBBRL,
BNB.BTC,BNBBTC,
BNB.BUSD,BNBBUSD,
BNB.DAI,BNBDAI,
BNB.ETH,BNBETH,
BNB.EUR,BNBEUR,
BNB.GBP,BNBGBP,
BNB.IDRT,BNBIDRT,
BNB.NGN,BNBNGN,
BNB.PAX,BNBPAX,
BNB.RUB,BNBRUB,
BNB.TRY,BNBTRY,
BNB.TUSD,BNBTUSD,
BNB.UAH,BNBUAH,
BNB.USDC,BNBUSDC,
BNB.USDS,BNBUSDS,
BNB.USDT,BNBUSDT,
BNB.ZAR,BNBZAR,
BNBBEAR.BUSD,BNBBEARBUSD,
BNBBEAR.USDT,BNBBEARUSDT,
BNBBULL.BUSD,BNBBULLBUSD,
BNBBULL.USDT,BNBBULLUSDT,
BNBDOWN.USDT,BNBDOWNUSDT,
BNBUP.USDT,BNBUPUSDT,
BNT.BTC,BNTBTC,BNT-BTC
BNT.BUSD,BNTBUSD,
BNT.ETH,BNTETH,
BNT.USDT,BNTUSDT,BNT-USDT
BOT.BTC,BOTBTC,
BOT.BUSD,BOTBUSD,
BOX.USDT,,BOX-USDT
BQX.BTC,BQXBTC,
BQX.ETH,BQXETH,
BRD.BNB,BRDBNB,
BRD.BTC,BRDBTC,
BRD.ETH,BRDETH,
BSV.BTC,,BSV-BTC
BSV.USDC,,BSV-USDC
BSV.USDK,,BSV-USDK
BSV.USDT,,BSV-USDT
BTC.AUD,BTCAUD,
BTC.BIDR,BTCBIDR,
BTC.BKRW,BTCBKRW,
BTC.BRL,BTCBRL,
BTC.BUSD,BTCBUSD,
BTC.DAI,BTCDAI,BTC-DAI
BTC.EUR,BTCEUR,
BTC.GBP,BTCGBP,
BTC.IDRT,BTCIDRT,
BTC.NGN,BTCNGN,
BTC.PAX,BTCPAX,
BTC.RUB,BTCRUB,
BTC.TRY,BTCTRY,
BTC.TUSD,BTCTUSD,
BTC.UAH,BTCUAH,
BTC.USDC,BTCUSDC,BTC-USDC
BTC.USDK,,BTC-USDK
BTC.USDS,BTCUSDS,
BTC.USDT,BTCUSDT,BTC-USDT
BTC.VAI,BTCVAI,
BTC.ZAR,BTCZAR,
BTCDOWN.USDT,BTCDOWNUSDT,
BTCST.BTC,BTCSTBTC,
BTCST.BUSD,BTCSTBUSD,
BTCST.USDT,BTCSTUSDT,
BTCUP.USDT,BTCUPUSDT,
BTG.BTC,BTGBTC,BTG-BTC
BTG.BUSD,BTGBUSD,
BTG.ETH,BTGETH,
BTG.USDT,BTGUSDT,BTG-USDT
BTM.BTC,,BTM-BTC
BTM.ETH,,BTM-ETH
BTM.USDT,,BTM-USDT
BTS.BNB,BTSBNB,
BTS.BTC,BTSBTC,
BTS.BUSD,BTSBUSD,
BTS.ETH,BTSETH,
BTS.USDT,BTSUSDT,
BTT.BNB,BTTBNB,
BTT.BRL,BTTBRL,
BTT.BTC,BTTBTC,BTT-BTC
BTT.BUSD,BTTBUSD,
BTT.EUR,BTTEUR,
BTT.PAX,BTTPAX,
BTT.TRX,BTTTRX,
BTT.TRY,BTTTRY,
BTT.TUSD,BTTTUSD,
BTT.USDC,BTTUSDC,
BTT.USDT,BTTUSDT,BTT-USDT
BULL.BUSD,BULLBUSD,
BULL.USDT,BULLUSDT,
BURGER.BNB,BURGERBNB,
BUSD.BIDR,BUSDBIDR,
BUSD.BKRW,BUSDBKRW,
BUSD.BRL,BUSDBRL,
BUSD.BVND,BUSDBVND,
BUSD.DAI,BUSDDAI,
BUSD.IDRT,BUSDIDRT,
BUSD.NGN,BUSDNGN,
BUSD.RUB,BUSDRUB,
BUSD.TRY,BUSDTRY,
BUSD.USDT,BUSDUSDT,
BUSD.VAI,BUSDVAI,
BUSD.ZAR,BUSDZAR,
BZRX.BNB,BZRXBNB,
BZRX.BTC,BZRXBTC,
BZRX.BUSD,BZRXBUSD,
BZRX.USDT,BZRXUSDT,
CAKE.BNB,CAKEBNB,
CAKE.BTC,CAKEBTC,
CAKE.BUSD,CAKEBUSD,
CAKE.USDT,CAKEUSDT,
CDT.BTC,CDTBTC,
CDT.ETH,CDTETH,
CEL.USDT,,CEL-USDT
CELO.BTC,CELOBTC,CELO-BTC
CELO.USDT,CELOUSDT,CELO-USDT
CELR.BNB,CELRBNB,
CELR.BTC,CELRBTC,
CELR.USDT,CELRUSDT,CELR-USDT
CFX.BTC,CFXBTC,CFX-BTC
CFX.BUSD,CFXBUSD,
CFX.USDT,CFXUSDT,CFX-USDT
CHAT.BTC,CHATBTC,
CHAT.ETH,CHATETH,
CHAT.USDT,,CHAT-USDT
CHR.BNB,CHRBNB,
CHR.BTC,CHRBTC,
CHR.USDT,CHRUSDT,
CHZ.BNB,CHZBNB,
CHZ.BRL,CHZBRL,
CHZ.BTC,CHZBTC,CHZ-BTC
CHZ.BUSD,CHZBUSD,
CHZ.EUR,CHZEUR,
CHZ.GBP,CHZGBP,
CHZ.TRY,CHZTRY,
CHZ.USDT,CHZUSDT,CHZ-USDT
CKB.BTC,CKBBTC,
CKB.BUSD,CKBBUSD,
CKB.USDT,CKBUSDT,
CLOAK.BTC,CLOAKBTC,
CLOAK.ETH,CLOAKETH,
CMT.BNB,CMTBNB,
CMT.BTC,CMTBTC,CMT-BTC
CMT.ETH,CMTETH,CMT-ETH
CMT.USDT,,CMT-USDT
CND.BNB,CNDBNB,
CND.BTC,CNDBTC,
CND.ETH,CNDETH,
CNTM.USDT,,CNTM-USDT
COCOS.BNB,COCOSBNB,
COCOS.BTC,COCOSBTC,
COCOS.USDT,COCOSUSDT,
COMP.BNB,COMPBNB,
COMP.BTC,COMPBTC,COMP-BTC
COMP.BUSD,COMPBUSD,
COMP.USDT,COMPUSDT,COMP-USDT
CONV.USDT,,CONV-USDT
COS.BNB,COSBNB,
COS.BTC,COSBTC,
COS.USDT,COSUSDT,
COTI.BNB,COTIBNB,
COTI.BTC,COTIBTC,
COTI.USDT,COTIUSDT,
COVER.BUSD,COVERBUSD,
COVER.ETH,COVERETH,
COVER.USDT,,COVER-USDT
CREAM.BNB,CREAMBNB,
CREAM.BUSD,CREAMBUSD,
CRO.BTC,,CRO-BTC
CRO.USDK,,CRO-USDK
CRO.USDT,,CRO-USDT
CRV.BNB,CRVBNB,
CRV.BTC,CRVBTC,CRV-BTC
CRV.BUSD,CRVBUSD,
CRV.ETH,,CRV-ETH
CRV.USDT,CRVUSDT,CRV-USDT
CTC.BTC,,CTC-BTC
CTC.USDT,,CTC-USDT
CTK.BNB,CTKBNB,
CTK.BTC,CTKBTC,
CTK.BUSD,CTKBUSD,
CTK.USDT,CTKUSDT,
CTSI.BNB,CTSIBNB,
CTSI.BTC,CTSIBTC,
CTSI.BUSD,CTSIBUSD,
CTSI.USDT,CTSIUSDT,
CTXC.BNB,CTXCBNB,
CTXC.BTC,CTXCBTC,CTXC-BTC
CTXC.ETH,,CTXC-ETH
CTXC.USDT,CTXCUSDT,CTXC-USDT
CVC.BNB,CVCBNB,
CVC.BTC,CVCBTC,CVC-BTC
CVC.ETH,CVCETH,
CVC.USDT,CVCUSDT,CVC-USDT
CVP.BUSD,CVPBUSD,
CVP.ETH,CVPETH,
CVP.USDT,,CVP-USDT
CVT.BTC,,CVT-BTC
CVT.USDT,,CVT-USDT
DAI.BNB,DAIBNB,
DAI.BTC,DAIBTC,
DAI.BUSD,DAIBUSD,
DAI.USDT,DAIUSDT,DAI-USDT
DAO.USDT,,DAO-USDT
DASH.BNB,DASHBNB,
DASH.BTC,DASHBTC,DASH-BTC
DASH.BUSD,DASHBUSD,
DASH.ETH,DASHETH,DASH-ETH
DASH.USDT,DASHUSDT,DASH-USDT
DATA.BTC,DATABTC,
DATA.BUSD,DATABUSD,
DATA.ETH,DATAETH,
DATA.USDT,DATAUSDT,
DCR.BNB,DCRBNB,
DCR.BTC,DCRBTC,DCR-BTC
DCR.BUSD,DCRBUSD,
DCR.USDT,DCRUSDT,DCR-USDT
DEGO.BTC,DEGOBTC,
DEGO.BUSD,DEGOBUSD,
DEGO.USDT,DEGOUSDT,
DENT.BTC,DENTBTC,
DENT.ETH,DENTETH,
DENT.USDT,DENTUSDT,
DEP.USDK,,DEP-USDK
DEP.USDT,,DEP-USDT
DEXE.BUSD,DEXEBUSD,
DEXE.ETH,DEXEETH,
DF.BUSD,DFBUSD,
DF.ETH,DFETH,
DGB.BNB,DGBBNB,
DGB.BTC,DGBBTC,DGB-BTC
DGB.BUSD,DGBBUSD,
DGB.USDT,DGBUSDT,DGB-USDT
DHT.ETH,,DHT-ETH
DHT.USDT,,DHT-USDT
DIA.BNB,DIABNB,
DIA.BTC,DIABTC,
DIA.BUSD,DIABUSD,
DIA.ETH,,DIA-ETH
DIA.USDT,DIAUSDT,DIA-USDT
DLT.BNB,DLTBNB,
DLT.BTC,DLTBTC,
DLT.ETH,DLTETH,
DMD.USDT,,DMD-USDT
DMG.USDT,,DMG-USDT
DNA.BTC,,DNA-BTC
DNA.USDT,,DNA-USDT
DNT.BTC,DNTBTC,
DNT.BUSD,DNTBUSD,
DNT.ETH,DNTETH,
DNT.USDT,DNTUSDT,
DOCK.BTC,DOCKBTC,
DOCK.ETH,DOCKETH,
DOCK.USDT,DOCKUSDT,
DODO.BTC,DODOBTC,
DODO.BUSD,DODOBUSD,
DODO.USDT,DODOUSDT,
DOGE.AUD,DOGEAUD,
DOGE.BNB,DOGEBNB,
DOGE.BRL,DOGEBRL,
DOGE.BTC,DOGEBTC,
DOGE.BUSD,DOGEBUSD,
DOGE.EUR,DOGEEUR,
DOGE.GBP,DOGEGBP,
DOGE.PAX,DOGEPAX,
DOGE.TRY,DOGETRY,
DOGE.USDC,DOGEUSDC,
DOGE.USDK,,DOGE-USDK
DOGE.USDT,DOGEUSDT,DOGE-USDT
DORA.USDT,,DORA-USDT
DOT.BIDR,DOTBIDR,
DOT.BKRW,DOTBKRW,
DOT.BNB,DOTBNB,
DOT.BRL,DOTBRL,
DOT.BTC,DOTBTC,DOT-BTC
DOT.BUSD,DOTBUSD,
DOT.ETH,,DOT-ETH
DOT.EUR,DOTEUR,
DOT.GBP,DOTGBP,
DOT.NGN,DOTNGN,
DOT.TRY,DOTTRY,
DOT.USDT,DOTUSDT,DOT-USDT
DOTDOWN.USDT,DOTDOWNUSDT,
DOTUP.USDT,DOTUPUSDT,
DREP.BNB,DREPBNB,
DREP.BTC,DREPBTC,
DREP.USDT,DREPUSDT,
DUSK.BNB,DUSKBNB,
DUSK.BTC,DUSKBTC,
DUSK.PAX,DUSKPAX,
DUSK.USDC,DUSKUSDC,
DUSK.USDT,DUSKUSDT,
EASY.BTC,EASYBTC,
EASY.ETH,EASYETH,
EC.USDK,,EC-USDK
EC.USDT,,EC-USDT
EDO.BTC,EDOBTC,
EDO.ETH,EDOETH,
EGLD.BNB,EGLDBNB,
EGLD.BTC,EGLDBTC,EGLD-BTC
EGLD.BUSD,EGLDBUSD,
EGLD.EUR,EGLDEUR,
EGLD.USDT,EGLDUSDT,EGLD-USDT
EGT.BTC,,EGT-BTC
EGT.ETH,,EGT-ETH
EGT.USDT,,EGT-USDT
ELF.BTC,ELFBTC,ELF-BTC
ELF.ETH,ELFETH,
ELF.USDT,,ELF-USDT
EM.USDK,,EM-USDK
EM.USDT,,EM-USDT
ENG.BTC,ENGBTC,
ENG.ETH,ENGETH,
ENJ.BNB,ENJBNB,
ENJ.BRL,ENJBRL,
ENJ.BTC,ENJBTC,ENJ-BTC
ENJ.BUSD,ENJBUSD,
ENJ.ETH,ENJETH,
ENJ.EUR,ENJEUR,
ENJ.GBP,ENJGBP,
ENJ.USDT,ENJUSDT,ENJ-USDT
EOS.BNB,EOSBNB,
EOS.BTC,EOSBTC,EOS-BTC
EOS.BUSD,EOSBUSD,
EOS.ETH,EOSETH,EOS-ETH
EOS.EUR,EOSEUR,
EOS.PAX,EOSPAX,
EOS.TRY,EOSTRY,
EOS.TUSD,EOSTUSD,
EOS.USDC,EOSUSDC,EOS-USDC
EOS.USDK,,EOS-USDK
EOS.USDT,EOSUSDT,EOS-USDT
EOSBEAR.BUSD,EOSBEARBUSD,
EOSBEAR.USDT,EOSBEARUSDT,
EOSBULL.BUSD,EOSBULLBUSD,
EOSBULL.USDT,EOSBULLUSDT,
EOSDOWN.USDT,EOSDOWNUSDT,
EOSUP.USDT,EOSUPUSDT,
EPS.BTC,EPSBTC,
EPS.BUSD,EPSBUSD,
EPS.USDT,EPSUSDT,
ERD.BNB,ERDBNB,
ERD.BTC,ERDBTC,
ERD.BUSD,ERDBUSD,
ERD.PAX,ERDPAX,
ERD.USDC,ERDUSDC,
ERD.USDT,ERDUSDT,
ETC.BNB,ETCBNB,
ETC.BTC,ETCBTC,ETC-BTC
ETC.BUSD,ETCBUSD,
ETC.ETH,ETCETH,ETC-ETH
ETC.OKB,,ETC-OKB
ETC.PAX,ETCPAX,
ETC.TUSD,ETCTUSD,
ETC.USDC,ETCUSDC,ETC-USDC
ETC.USDK,,ETC-USDK
ETC.USDT,ETCUSDT,ETC-USDT
ETH.AUD,ETHAUD,
ETH.BIDR,ETHBIDR,
ETH.BKRW,ETHBKRW,
ETH.BRL,ETHBRL,
ETH.BTC,ETHBTC,ETH-BTC
ETH.BUSD,ETHBUSD,
ETH.DAI,ETHDAI,ETH-DAI
ETH.EUR,ETHEUR,
ETH.GBP,ETHGBP,
ETH.NGN,ETHNGN,
ETH.PAX,ETHPAX,
ETH.RUB,ETHRUB,
ETH.TRY,ETHTRY,
ETH.TUSD,ETHTUSD,
ETH.USDC,ETHUSDC,ETH-USDC
ETH.USDK,,ETH-USDK
ETH.USDT,ETHUSDT,ETH-USDT
ETH.ZAR,ETHZAR,
ETHBEAR.BUSD,ETHBEARBUSD,
ETHBEAR.USDT,ETHBEARUSDT,
ETHBULL.BUSD,ETHBULLBUSD,
ETHBULL.USDT,ETHBULLUSDT,
ETHDOWN.USDT,ETHDOWNUSDT,
ETHUP.USDT,ETHUPUSDT,
ETM.USDT,,ETM-USDT
EUR.BUSD,EURBUSD,
EUR.USDT,EURUSDT,
EVX.BTC,EVXBTC,
EVX.ETH,EVXETH,
EXE.USDT,,EXE-USDT
FAIR.USDT,,FAIR-USDT
FET.BNB,FETBNB,
FET.BTC,FETBTC,
FET.USDT,FETUSDT,
FIL.BNB,FILBNB,
FIL.BTC,FILBTC,FIL-BTC
FIL.BUSD,FILBUSD,
FIL.ETH,,FIL-ETH
FIL.USDT,FILUSDT,FIL-USDT
FILDOWN.USDT,FILDOWNUSDT,
FILUP.USDT,FILUPUSDT,
FIO.BNB,FIOBNB,
FIO.BTC,FIOBTC,
FIO.BUSD,FIOBUSD,
FIO.USDT,FIOUSDT,
FIRO.BTC,FIROBTC,
FIRO.ETH,FIROETH,
FIRO.USDT,FIROUSDT,
FIS.BTC,FISBTC,
FIS.BUSD,FISBUSD,
FIS.USDT,FISUSDT,
FLM.BNB,FLMBNB,
FLM.BTC,FLMBTC,
FLM.BUSD,FLMBUSD,
FLM.USDT,FLMUSDT,FLM-USDT
FLOW.BTC,,FLOW-BTC
FLOW.ETH,,FLOW-ETH
FLOW.USDT,,FLOW-USDT
FOR.BTC,FORBTC,
FOR.BUSD,FORBUSD,
FRONT.BTC,FRONTBTC,
FRONT.BUSD,FRONTBUSD,
FRONT.ETH,FRONTETH,FRONT-ETH
FRONT.USDT,,FRONT-USDT
FSN.USDK,,FSN-USDK
FSN.USDT,,FSN-USDT
FTM.BNB,FTMBNB,
FTM.BTC,FTMBTC,
FTM.PAX,FTMPAX,
FTM.TUSD,FTMTUSD,
FTM.USDC,FTMUSDC,
FTM.USDK,,FTM-USDK
FTM.USDT,FTMUSDT,FTM-USDT
FTT.BNB,FTTBNB,
FTT.BTC,FTTBTC,
FTT.USDT,FTTUSDT,
FUEL.BTC,FUELBTC,
FUEL.ETH,FUELETH,
FUN.BTC,FUNBTC,FUN-BTC
FUN.ETH,FUNETH,
FUN.USDT,FUNUSDT,
FXS.BTC,FXSBTC,
FXS.BUSD,FXSBUSD,
GAL.USDT,,GAL-USDT
GAS.BTC,GASBTC,GAS-BTC
GAS.ETH,,GAS-ETH
GAS.USDT,,GAS-USDT
GBP.BUSD,GBPBUSD,
GBP.USDT,GBPUSDT,
GHST.BUSD,GHSTBUSD,
GHST.ETH,GHSTETH,GHST-ETH
GHST.USDT,,GHST-USDT
GLM.BTC,GLMBTC,GLM-BTC
GLM.ETH,GLMETH,
GLM.USDT,,GLM-USDT
GNT.BNB,GNTBNB,
GNT.BTC,GNTBTC,
GNT.ETH,GNTETH,
GNX.BTC,,GNX-BTC
GO.BNB,GOBNB,
GO.BTC,GOBTC,
GRS.BTC,GRSBTC,
GRS.ETH,GRSETH,
GRT.BTC,GRTBTC,GRT-BTC
GRT.BUSD,GRTBUSD,
GRT.ETH,GRTETH,
GRT.EUR,GRTEUR,
GRT.USDT,GRTUSDT,GRT-USDT
GTO.BNB,GTOBNB,
GTO.BTC,GTOBTC,GTO-BTC
GTO.ETH,GTOETH,
GTO.PAX,GTOPAX,
GTO.TUSD,GTOTUSD,
GTO.USDC,GTOUSDC,
GTO.USDT,GTOUSDT,GTO-USDT
GUSD.BTC,,GUSD-BTC
GUSD.USDT,,GUSD-USDT
GVT.BTC,GVTBTC,
GVT.ETH,GVTETH,
GXS.BTC,GXSBTC,
GXS.ETH,GXSETH,
GXS.USDT,GXSUSDT,
HARD.BNB,HARDBNB,
HARD.BTC,HARDBTC,
HARD.BUSD,HARDBUSD,
HARD.USDT,HARDUSDT,
HBAR.BNB,HBARBNB,
HBAR.BTC,HBARBTC,HBAR-BTC
HBAR.BUSD,HBARBUSD,
HBAR.USDK,,HBAR-USDK
HBAR.USDT,HBARUSDT,HBAR-USDT
HC.BTC,HCBTC,HC-BTC
HC.ETH,HCETH,
HC.USDT,HCUSDT,HC-USDT
HDAO.USDK,,HDAO-USDK
HDAO.USDT,,HDAO-USDT
HEGIC.BUSD,HEGICBUSD,
HEGIC.ETH,HEGICETH,HEGIC-ETH
HEGIC.USDT,,HEGIC-USDT
HIVE.BNB,HIVEBNB,
HIVE.BTC,HIVEBTC,
HIVE.USDT,HIVEUSDT,
HNT.BTC,HNTBTC,
HNT.USDT,HNTUSDT,
HOT.BNB,HOTBNB,
HOT.BTC,HOTBTC,
HOT.BUSD,HOTBUSD,
HOT.ETH,HOTETH,
HOT.EUR,HOTEUR,
HOT.TRY,HOTTRY,
HOT.USDT,HOTUSDT,
HYC.BTC,,HYC-BTC
HYC.ETH,,HYC-ETH
HYC.USDT,,HYC-USDT
ICX.BNB,ICXBNB,
ICX.BTC,ICXBTC,ICX-BTC
ICX.BUSD,ICXBUSD,
ICX.ETH,ICXETH,
ICX.USDT,ICXUSDT,ICX-USDT
IDEX.BTC,IDEXBTC,
IDEX.BUSD,IDEXBUSD,
INJ.BNB,INJBNB,
INJ.BTC,INJBTC,
INJ.BUSD,INJBUSD,
INJ.USDT,INJUSDT,
INS.BTC,INSBTC,
INS.ETH,INSETH,
INT.BTC,,INT-BTC
INT.ETH,,INT-ETH
INT.USDT,,INT-USDT
INX.USDT,,INX-USDT
IOST.BNB,IOSTBNB,
IOST.BTC,IOSTBTC,IOST-BTC
IOST.BUSD,IOSTBUSD,
IOST.ETH,IOSTETH,IOST-ETH
IOST.USDT,IOSTUSDT,IOST-USDT
IOTA.BNB,IOTABNB,
IOTA.BTC,IOTABTC,IOTA-BTC
IOTA.BUSD,IOTABUSD,
IOTA.ETH,IOTAETH,
IOTA.USDT,IOTAUSDT,IOTA-USDT
IOTX.BTC,IOTXBTC,
IOTX.ETH,IOTXETH,
IOTX.USDT,IOTXUSDT,
IQ.BNB,IQBNB,
IQ.BUSD,IQBUSD,
IQ.USDT,,IQ-USDT
IRIS.BNB,IRISBNB,
IRIS.BTC,IRISBTC,
IRIS.BUSD,IRISBUSD,
IRIS.USDT,IRISUSDT,
ITC.USDT,,ITC-USDT
JFI.USDT,,JFI-USDT
JST.BNB,JSTBNB,
JST.BTC,JSTBTC,
JST.BUSD,JSTBUSD,
JST.USDT,JSTUSDT,JST-USDT
JUV.BTC,JUVBTC,
JUV.BUSD,JUVBUSD,
JUV.USDT,JUVUSDT,
KAN.ETH,,KAN-ETH
KAN.USDT,,KAN-USDT
KAVA.BNB,KAVABNB,
KAVA.BTC,KAVABTC,
KAVA.USDT,KAVAUSDT,
KCASH.BTC,,KCASH-BTC
KCASH.ETH,,KCASH-ETH
KCASH.USDT,,KCASH-USDT
KEY.BTC,KEYBTC,
KEY.ETH,KEYETH,
KEY.USDT,KEYUSDT,
KINE.USDT,,KINE-USDT
KLAY.BTC,,KLAY-BTC
KLAY.USDT,,KLAY-USDT
KMD.BTC,KMDBTC,
KMD.BUSD,KMDBUSD,
KMD.ETH,KMDETH,
KMD.USDT,KMDUSDT,
KNC.BTC,KNCBTC,KNC-BTC
KNC.BUSD,KNCBUSD,
KNC.ETH,KNCETH,
KNC.USDT,KNCUSDT,KNC-USDT
KONO.USDT,,KONO-USDT
KP3R.BNB,KP3RBNB,
KP3R.BUSD,KP3RBUSD,
KP3R.USDT,,KP3R-USDT
KSM.BNB,KSMBNB,
KSM.BTC,KSMBTC,KSM-BTC
KSM.BUSD,KSMBUSD,
KSM.ETH,,KSM-ETH
KSM.USDT,KSMUSDT,KSM-USDT
LAMB.USDK,,LAMB-USDK
LAMB.USDT,,LAMB-USDT
LBA.USDT,,LBA-USDT
LEND.BKRW,LENDBKRW,
LEND.BTC,LENDBTC,
LEND.BUSD,LENDBUSD,
LEND.ETH,LENDETH,
LEND.USDT,LENDUSDT,
LEO.USDK,,LEO-USDK
LEO.USDT,,LEO-USDT
LET.USDT,,LET-USDT
LINA.BTC,LINABTC,
LINA.BUSD,LINABUSD,
LINA.USDT,LINAUSDT,
LINK.AUD,LINKAUD,
LINK.BKRW,LINKBKRW,
LINK.BRL,LINKBRL,
LINK.BTC,LINKBTC,LINK-BTC
LINK.BUSD,LINKBUSD,
LINK.ETH,LINKETH,LINK-ETH
LINK.EUR,LINKEUR,
LINK.GBP,LINKGBP,
LINK.NGN,LINKNGN,
LINK.PAX,LINKPAX,
LINK.TRY,LINKTRY,
LINK.TUSD,LINKTUSD,
LINK.USDC,LINKUSDC,
LINK.USDT,LINKUSDT,LINK-USDT
LINKDOWN.USDT,LINKDOWNUSDT,
LINKUP.USDT,LINKUPUSDT,
LIT.BTC,LITBTC,
LIT.BUSD,LITBUSD,
LIT.USDT,LITUSDT,
LMCH.USDT,,LMCH-USDT
LON.ETH,,LON-ETH
LON.USDT,,LON-USDT
LOOM.BNB,LOOMBNB,
LOOM.BTC,LOOMBTC,
LOOM.ETH,LOOMETH,
LOON.BTC,,LOON-BTC
LOON.USDT,,LOON-USDT
LPT.USDT,,LPT-USDT
LRC.BTC,LRCBTC,LRC-BTC
LRC.BUSD,LRCBUSD,
LRC.ETH,LRCETH,
LRC.USDT,LRCUSDT,LRC-USDT
LSK.BNB,LSKBNB,
LSK.BTC,LSKBTC,LSK-BTC
LSK.ETH,LSKETH,
LSK.USDT,LSKUSDT,LSK-USDT
LTC.BNB,LTCBNB,
LTC.BRL,LTCBRL,
LTC.BTC,LTCBTC,LTC-BTC
LTC.BUSD,LTCBUSD,
LTC.ETH,LTCETH,LTC-ETH
LTC.EUR,LTCEUR,
LTC.GBP,LTCGBP,
LTC.NGN,LTCNGN,
LTC.OKB,,LTC-OKB
LTC.PAX,LTCPAX,
LTC.RUB,LTCRUB,
LTC.TUSD,LTCTUSD,
LTC.USDC,LTCUSDC,LTC-USDC
LTC.USDK,,LTC-USDK
LTC.USDT,LTCUSDT,LTC-USDT
LTCDOWN.USDT,LTCDOWNUSDT,
LTCUP.USDT,LTCUPUSDT,
LTO.BNB,LTOBNB,
LTO.BTC,LTOBTC,
LTO.USDT,LTOUSDT,
LUN.BTC,LUNBTC,
LUN.ETH,LUNETH,
LUNA.BNB,LUNABNB,
LUNA.BTC,LUNABTC,LUNA-BTC
LUNA.BUSD,LUNABUSD,
LUNA.EUR,LUNAEUR,
LUNA.USDT,LUNAUSDT,LUNA-USDT
MANA.BTC,MANABTC,MANA-BTC
MANA.BUSD,MANABUSD,
MANA.ETH,MANAETH,MANA-ETH
MANA.USDT,MANAUSDT,MANA-USDT
MASK.USDT,,MASK-USDT
MATIC.BNB,MATICBNB,
MATIC.BTC,MATICBTC,
MATIC.BUSD,MATICBUSD,
MATIC.EUR,MATICEUR,
MATIC.USDT,MATICUSDT,MATIC-USDT
MBL.BNB,MBLBNB,
MBL.BTC,MBLBTC,
MBL.USDT,MBLUSDT,
MCO.BNB,MCOBNB,
MCO.BTC,MCOBTC,MCO-BTC
MCO.ETH,MCOETH,MCO-ETH
MCO.USDT,MCOUSDT,MCO-USDT
MDA.BTC,MDABTC,
MDA.ETH,MDAETH,
MDA.USDT,,MDA-USDT
MDT.BNB,MDTBNB,
MDT.BTC,MDTBTC,
MDT.USDT,MDTUSDT,MDT-USDT
MEME.USDT,,MEME-USDT
MFT.BNB,MFTBNB,
MFT.BTC,MFTBTC,
MFT.ETH,MFTETH,
MFT.USDT,MFTUSDT,
MIR.USDT,,MIR-USDT
MITH.BNB,MITHBNB,
MITH.BTC,MITHBTC,MITH-BTC
MITH.ETH,,MITH-ETH
MITH.USDT,MITHUSDT,MITH-USDT
MKR.BNB,MKRBNB,
MKR.BTC,MKRBTC,MKR-BTC
MKR.BUSD,MKRBUSD,
MKR.ETH,,MKR-ETH
MKR.USDT,MKRUSDT,MKR-USDT
MLN.USDT,,MLN-USDT
MOD.BTC,MODBTC,
MOD.ETH,MODETH,
MOF.BTC,,MOF-BTC
MOF.USDT,,MOF-USDT
MTH.BTC,MTHBTC,
MTH.ETH,MTHETH,
MTL.BTC,MTLBTC,
MTL.ETH,MTLETH,
MTL.USDT,MTLUSDT,
MXC.USDT,,MXC-USDT
MXT.USDT,,MXT-USDT
NANO.BNB,NANOBNB,
NANO.BTC,NANOBTC,NANO-BTC
NANO.BUSD,NANOBUSD,
NANO.ETH,NANOETH,
NANO.USDT,NANOUSDT,NANO-USDT
NAS.BNB,NASBNB,
NAS.BTC,NASBTC,NAS-BTC
NAS.ETH,NASETH,
NAS.USDT,,NAS-USDT
NAV.BNB,NAVBNB,
NAV.BTC,NAVBTC,
NAV.ETH,NAVETH,
NBS.BTC,NBSBTC,
NBS.USDT,NBSUSDT,
NCASH.BNB,NCASHBNB,
NCASH.BTC,NCASHBTC,
NCASH.ETH,NCASHETH,
NDN.USDK,,NDN-USDK
NDN.USDT,,NDN-USDT
NEAR.BNB,NEARBNB,
NEAR.BTC,NEARBTC,NEAR-BTC
NEAR.BUSD,NEARBUSD,
NEAR.ETH,,NEAR-ETH
NEAR.USDT,NEARUSDT,NEAR-USDT
NEBL.BNB,NEBLBNB,
NEBL.BTC,NEBLBTC,
NEBL.ETH,NEBLETH,
NEO.BNB,NEOBNB,
NEO.BTC,NEOBTC,NEO-BTC
NEO.BUSD,NEOBUSD,
NEO.ETH,NEOETH,NEO-ETH
NEO.PAX,NEOPAX,
NEO.TRY,NEOTRY,
NEO.TUSD,NEOTUSD,
NEO.USDC,NEOUSDC,
NEO.USDT,NEOUSDT,NEO-USDT
NKN.BNB,NKNBNB,
NKN.BTC,NKNBTC,
NKN.USDT,NKNUSDT,
NMR.BNB,NMRBNB,
NMR.BTC,NMRBTC,
NMR.BUSD,NMRBUSD,
NMR.USDT,NMRUSDT,NMR-USDT
NPXS.BTC,NPXSBTC,
NPXS.ETH,NPXSETH,
NPXS.USDC,NPXSUSDC,
NPXS.USDT,NPXSUSDT,
NU.BTC,,NU-BTC
NU.USDT,,NU-USDT
NULS.BNB,NULSBNB,
NULS.BTC,NULSBTC,NULS-BTC
NULS.ETH,NULSETH,NULS-ETH
NULS.USDT,NULSUSDT,NULS-USDT
NXS.BNB,NXSBNB,
NXS.BTC,NXSBTC,
NXS.ETH,NXSETH,
OAX.BTC,OAXBTC,
OAX.ETH,OAXETH,
OCEAN.BNB,OCEANBNB,
OCEAN.BTC,OCEANBTC,
OCEAN.BUSD,OCEANBUSD,
OCEAN.USDT,OCEANUSDT,
OG.BTC,OGBTC,
OG.USDT,OGUSDT,
OGN.BNB,OGNBNB,
OGN.BTC,OGNBTC,
OGN.USDT,OGNUSDT,
OKB.BTC,,OKB-BTC
OKB.ETH,,OKB-ETH
OKB.USDC,,OKB-USDC
OKB.USDK,,OKB-USDK
OKB.USDT,,OKB-USDT
OKT.BTC,,OKT-BTC
OKT.ETH,,OKT-ETH
OKT.USDT,,OKT-USDT
OM.BTC,OMBTC,
OM.BUSD,OMBUSD,
OM.ETH,,OM-ETH
OM.USDT,OMUSDT,OM-USDT
OMG.BNB,OMGBNB,
OMG.BTC,OMGBTC,OMG-BTC
OMG.BUSD,OMGBUSD,
OMG.ETH,OMGETH,
OMG.USDT,OMGUSDT,OMG-USDT
ONE.BIDR,ONEBIDR,
ONE.BNB,ONEBNB,
ONE.BTC,ONEBTC,
ONE.BUSD,ONEBUSD,
ONE.PAX,ONEPAX,
ONE.TUSD,ONETUSD,
ONE.USDC,ONEUSDC,
ONE.USDT,ONEUSDT,
ONG.BNB,ONGBNB,
ONG.BTC,ONGBTC,
ONG.USDT,ONGUSDT,
ONT.BNB,ONTBNB,
ONT.BTC,ONTBTC,ONT-BTC
ONT.BUSD,ONTBUSD,
ONT.ETH,ONTETH,ONT-ETH
ONT.PAX,ONTPAX,
ONT.TRY,ONTTRY,
ONT.USDC,ONTUSDC,
ONT.USDT,ONTUSDT,ONT-USDT
ORBS.USDK,,ORBS-USDK
ORBS.USDT,,ORBS-USDT
ORN.BTC,ORNBTC,
ORN.USDT,ORNUSDT,
ORS.USDT,,ORS-USDT
OST.BNB,OSTBNB,
OST.BTC,OSTBTC,
OST.ETH,OSTETH,
OXT.BTC,OXTBTC,
OXT.USDT,OXTUSDT,OXT-USDT
PAX.BNB,PAXBNB,
PAX.BTC,PAXBTC,PAX-BTC
PAX.BUSD,PAXBUSD,
PAX.ETH,PAXETH,
PAX.TUSD,PAXTUSD,
PAX.USDT,PAXUSDT,PAX-USDT
PAXG.BNB,PAXGBNB,
PAXG.BTC,PAXGBTC,
PAXG.BUSD,PAXGBUSD,
PAXG.USDT,PAXGUSDT,
PAY.BTC,,PAY-BTC
PAY.USDT,,PAY-USDT
PERL.BNB,PERLBNB,
PERL.BTC,PERLBTC,
PERL.USDC,PERLUSDC,
PERL.USDT,PERLUSDT,
PERP.BTC,PERPBTC,
PERP.BUSD,PERPBUSD,
PERP.USDT,PERPUSDT,PERP-USDT
PHA.BTC,PHABTC,
PHA.BUSD,PHABUSD,
PHA.ETH,,PHA-ETH
PHA.USDT,,PHA-USDT
PHB.BNB,PHBBNB,
PHB.BTC,PHBBTC,
PHB.PAX,PHBPAX,
PHB.TUSD,PHBTUSD,
PHB.USDC,PHBUSDC,
PICKLE.USDT,,PICKLE-USDT
PIVX.BNB,PIVXBNB,
PIVX.BTC,PIVXBTC,
PIVX.ETH,PIVXETH,
PLG.USDK,,PLG-USDK
PLG.USDT,,PLG-USDT
PMA.BTC,,PMA-BTC
PMA.USDK,,PMA-USDK
PNK.USDT,,PNK-USDT
PNT.BTC,PNTBTC,
PNT.USDT,PNTUSDT,
POA.BNB,POABNB,
POA.BTC,POABTC,
POA.ETH,POAETH,
POE.BTC,POEBTC,
POE.ETH,POEETH,
POLS.ETH,,POLS-ETH
POLS.USDT,,POLS-USDT
POLY.BNB,POLYBNB,
POLY.BTC,POLYBTC,
POND.BTC,PONDBTC,
POND.BUSD,PONDBUSD,
POND.USDT,PONDUSDT,
POWR.BNB,POWRBNB,
POWR.BTC,POWRBTC,
POWR.ETH,POWRETH,
PPT.BTC,PPTBTC,
PPT.ETH,PPTETH,
PPT.USDT,,PPT-USDT
PROM.BNB,PROMBNB,
PROM.BUSD,PROMBUSD,
PROPS.ETH,,PROPS-ETH
PROPS.USDT,,PROPS-USDT
PROS.ETH,PROSETH,
PRQ.USDT,,PRQ-USDT
PSG.BTC,PSGBTC,
PSG.BUSD,PSGBUSD,
PSG.USDT,PSGUSDT,
PST.BTC,,PST-BTC
PST.USDT,,PST-USDT
PUNDIX.ETH,PUNDIXETH,
PUNDIX.USDT,PUNDIXUSDT,
QKC.BTC,QKCBTC,
QKC.ETH,QKCETH,
QLC.BNB,QLCBNB,
QLC.BTC,QLCBTC,
QLC.ETH,QLCETH,
QSP.BNB,QSPBNB,
QSP.BTC,QSPBTC,
QSP.ETH,QSPETH,
QTUM.BNB,QTUMBNB,
QTUM.BTC,QTUMBTC,QTUM-BTC
QTUM.BUSD,QTUMBUSD,
QTUM.ETH,QTUMETH,QTUM-ETH
QTUM.USDT,QTUMUSDT,QTUM-USDT
QUN.BTC,,QUN-BTC
QUN.USDT,,QUN-USDT
RAMP.BTC,RAMPBTC,
RAMP.BUSD,RAMPBUSD,
RAMP.USDT,RAMPUSDT,
RCN.BNB,RCNBNB,
RCN.BTC,RCNBTC,
RCN.ETH,RCNETH,
RDN.BNB,RDNBNB,
RDN.BTC,RDNBTC,
RDN.ETH,RDNETH,
REEF.BTC,REEFBTC,
REEF.BUSD,REEFBUSD,
REEF.USDT,REEFUSDT,
REN.BNB,RENBNB,
REN.BTC,RENBTC,REN-BTC
REN.USDT,RENUSDT,REN-USDT
RENBTC.BTC,RENBTCBTC,
RENBTC.ETH,RENBTCETH,
REP.BNB,REPBNB,
REP.BTC,REPBTC,
REP.BUSD,REPBUSD,
REP.ETH,REPETH,REP-ETH
REP.USDT,REPUSDT,REP-USDT
REQ.BTC,REQBTC,
REQ.ETH,REQETH,
RFUEL.ETH,,RFUEL-ETH
RFUEL.USDT,,RFUEL-USDT
RIF.BTC,RIFBTC,
RIF.USDT,RIFUSDT,
RIO.USDT,,RIO-USDT
RLC.BNB,RLCBNB,
RLC.BTC,RLCBTC,
RLC.ETH,RLCETH,
RLC.USDT,RLCUSDT,
RNT.USDT,,RNT-USDT
ROAD.USDK,,ROAD-USDK
ROAD.USDT,,ROAD-USDT
ROSE.BTC,ROSEBTC,
ROSE.BUSD,ROSEBUSD,
ROSE.USDT,ROSEUSDT,
RSR.BNB,RSRBNB,
RSR.BTC,RSRBTC,RSR-BTC
RSR.BUSD,RSRBUSD,
RSR.ETH,,RSR-ETH
RSR.USDT,RSRUSDT,RSR-USDT
RUNE.BNB,RUNEBNB,
RUNE.BTC,RUNEBTC,
RUNE.BUSD,RUNEBUSD,
RUNE.USDT,RUNEUSDT,
RVN.BNB,RVNBNB,
RVN.BTC,RVNBTC,RVN-BTC
RVN.BUSD,RVNBUSD,
RVN.TRY,RVNTRY,
RVN.USDT,RVNUSDT,RVN-USDT
SALT.BTC,SALTBTC,
SALT.ETH,SALTETH,
SAND.BNB,SANDBNB,
SAND.BTC,SANDBTC,
SAND.BUSD,SANDBUSD,
SAND.USDT,SANDUSDT,SAND-USDT
SBTC.BTC,,SBTC-BTC
SC.BNB,SCBNB,
SC.BTC,SCBTC,SC-BTC
SC.ETH,SCETH,
SC.USDT,SCUSDT,SC-USDT
SCRT.BTC,SCRTBTC,
SCRT.ETH,SCRTETH,
SFG.USDT,,SFG-USDT
SFP.BTC,SFPBTC,
SFP.BUSD,SFPBUSD,
SFP.USDT,SFPUSDT,
SKL.BTC,SKLBTC,
SKL.BUSD,SKLBUSD,
SKL.USDT,SKLUSDT,SKL-USDT
SKY.BNB,SKYBNB,
SKY.BTC,SKYBTC,
SKY.ETH,SKYETH,
SLP.ETH,SLPETH,
SNC.BTC,,SNC-BTC
SNGLS.BTC,SNGLSBTC,
SNGLS.ETH,SNGLSETH,
SNM.BTC,SNMBTC,
SNM.ETH,SNMETH,
SNT.BTC,SNTBTC,SNT-BTC
SNT.ETH,SNTETH,
SNT.USDT,,SNT-USDT
SNX.BNB,SNXBNB,
SNX.BTC,SNXBTC,
SNX.BUSD,SNXBUSD,
SNX.ETH,,SNX-ETH
SNX.USDT,SNXUSDT,SNX-USDT
SOC.USDT,,SOC-USDT
SOL.BNB,SOLBNB,
SOL.BTC,SOLBTC,SOL-BTC
SOL.BUSD,SOLBUSD,
SOL.ETH,,SOL-ETH
SOL.USDT,SOLUSDT,SOL-USDT
SPARTA.BNB,SPARTABNB,
SRM.BIDR,SRMBIDR,
SRM.BNB,SRMBNB,
SRM.BTC,SRMBTC,SRM-BTC
SRM.BUSD,SRMBUSD,
SRM.USDT,SRMUSDT,SRM-USDT
STEEM.BNB,STEEMBNB,
STEEM.BTC,STEEMBTC,
STEEM.ETH,STEEMETH,
STMX.BNB,STMXBNB,
STMX.BTC,STMXBTC,
STMX.ETH,STMXETH,
STMX.USDT,STMXUSDT,
STORJ.BTC,STORJBTC,
STORJ.BUSD,STORJBUSD,
STORJ.ETH,STORJETH,
STORJ.USDT,STORJUSDT,STORJ-USDT
STORM.BNB,STORMBNB,
STORM.BTC,STORMBTC,
STORM.ETH,STORMETH,
STORM.USDT,STORMUSDT,
STPT.BNB,STPTBNB,
STPT.BTC,STPTBTC,
STPT.USDT,STPTUSDT,
STRAX.BTC,STRAXBTC,
STRAX.BUSD,STRAXBUSD,
STRAX.ETH,STRAXETH,
STRAX.USDT,STRAXUSDT,
STX.BNB,STXBNB,
STX.BTC,STXBTC,STX-BTC
STX.USDT,STXUSDT,STX-USDT
SUB.BTC,SUBBTC,
SUB.ETH,SUBETH,
SUN.BTC,SUNBTC,
SUN.ETH,,SUN-ETH
SUN.USDT,SUNUSDT,SUN-USDT
SUPER.BTC,SUPERBTC,
SUPER.BUSD,SUPERBUSD,
SUPER.USDT,SUPERUSDT,
SUSD.BTC,SUSDBTC,
SUSD.ETH,SUSDETH,
SUSD.USDT,SUSDUSDT,
SUSHI.BNB,SUSHIBNB,
SUSHI.BTC,SUSHIBTC,
SUSHI.BUSD,SUSHIBUSD,
SUSHI.ETH,,SUSHI-ETH
SUSHI.USDT,SUSHIUSDT,SUSHI-USDT
SUSHIDOWN.USDT,SUSHIDOWNUSDT,
SUSHIUP.USDT,SUSHIUPUSDT,
SWFTC.BTC,,SWFTC-BTC
SWFTC.ETH,,SWFTC-ETH
SWFTC.USDT,,SWFTC-USDT
SWRV.BNB,SWRVBNB,
SWRV.BUSD,SWRVBUSD,
SWRV.USDT,,SWRV-USDT
SXP.AUD,SXPAUD,
SXP.BIDR,SXPBIDR,
SXP.BNB,SXPBNB,
SXP.BTC,SXPBTC,
SXP.BUSD,SXPBUSD,
SXP.EUR,SXPEUR,
SXP.GBP,SXPGBP,
SXP.TRY,SXPTRY,
SXP.USDT,SXPUSDT,
SXPDOWN.USDT,SXPDOWNUSDT,
SXPUP.USDT,SXPUPUSDT,
SYS.BNB,SYSBNB,
SYS.BTC,SYSBTC,
SYS.BUSD,SYSBUSD,
SYS.ETH,SYSETH,
TAI.USDT,,TAI-USDT
TCT.BNB,TCTBNB,
TCT.BTC,TCTBTC,TCT-BTC
TCT.USDT,TCTUSDT,TCT-USDT
TFUEL.BNB,TFUELBNB,
TFUEL.BTC,TFUELBTC,
TFUEL.PAX,TFUELPAX,
TFUEL.TUSD,TFUELTUSD,
TFUEL.USDC,TFUELUSDC,
TFUEL.USDT,TFUELUSDT,
THETA.BNB,THETABNB,
THETA.BTC,THETABTC,THETA-BTC
THETA.ETH,THETAETH,
THETA.EUR,THETAEUR,
THETA.USDT,THETAUSDT,THETA-USDT
TKO.BIDR,TKOBIDR,
TKO.BTC,TKOBTC,
TKO.BUSD,TKOBUSD,
TKO.USDT,TKOUSDT,
TLM.BTC,TLMBTC,
TLM.BUSD,TLMBUSD,
TLM.USDT,TLMUSDT,
TMTG.BTC,,TMTG-BTC
TMTG.USDT,,TMTG-USDT
TNB.BTC,TNBBTC,
TNB.ETH,TNBETH,
TNT.BTC,TNTBTC,
TNT.ETH,TNTETH,
TOMO.BNB,TOMOBNB,
TOMO.BTC,TOMOBTC,
TOMO.BUSD,TOMOBUSD,
TOMO.USDC,TOMOUSDC,
TOMO.USDT,TOMOUSDT,
TOPC.USDT,,TOPC-USDT
TORN.ETH,,TORN-ETH
TORN.USDT,,TORN-USDT
TRA.USDT,,TRA-USDT
TRADE.ETH,,TRADE-ETH
TRADE.USDT,,TRADE-USDT
TRB.BNB,TRBBNB,
TRB.BTC,TRBBTC,
TRB.BUSD,TRBBUSD,
TRB.USDT,TRBUSDT,TRB-USDT
TRIG.BNB,TRIGBNB,
TRIG.BTC,TRIGBTC,
TRIG.ETH,TRIGETH,
TRIO.BTC,,TRIO-BTC
TRIO.USDT,,TRIO-USDT
TROY.BNB,TROYBNB,
TROY.BTC,TROYBTC,
TROY.USDT,TROYUSDT,
TRU.BTC,TRUBTC,
TRU.BUSD,TRUBUSD,
TRU.USDT,TRUUSDT,
TRUE.BTC,,TRUE-BTC
TRUE.USDT,,TRUE-USDT
TRX.BNB,TRXBNB,
TRX.BTC,TRXBTC,TRX-BTC
TRX.BUSD,TRXBUSD,
TRX.ETH,TRXETH,TRX-ETH
TRX.NGN,TRXNGN,
TRX.PAX,TRXPAX,
TRX.TRY,TRXTRY,
TRX.TUSD,TRXTUSD,
TRX.USDC,TRXUSDC,TRX-USDC
TRX.USDK,,TRX-USDK
TRX.USDT,TRXUSDT,TRX-USDT
TRX.XRP,TRXXRP,
TRXDOWN.USDT,TRXDOWNUSDT,
TRXUP.USDT,TRXUPUSDT,
TUSD.BNB,TUSDBNB,
TUSD.BTC,TUSDBTC,TUSD-BTC
TUSD.BUSD,TUSDBUSD,
TUSD.ETH,TUSDETH,
TUSD.USDT,TUSDUSDT,TUSD-USDT
TVK.BTC,TVKBTC,
TVK.BUSD,TVKBUSD,
TWT.BTC,TWTBTC,
TWT.BUSD,TWTBUSD,
TWT.USDT,TWTUSDT,
UBTC.USDT,,UBTC-USDT
UFT.BUSD,UFTBUSD,
UFT.ETH,UFTETH,
UMA.BTC,UMABTC,
UMA.USDT,UMAUSDT,UMA-USDT
UNFI.BNB,UNFIBNB,
UNFI.BTC,UNFIBTC,
UNFI.BUSD,UNFIBUSD,
UNFI.USDT,UNFIUSDT,
UNI.BNB,UNIBNB,
UNI.BTC,UNIBTC,UNI-BTC
UNI.BUSD,UNIBUSD,
UNI.ETH,,UNI-ETH
UNI.EUR,UNIEUR,
UNI.USDT,UNIUSDT,UNI-USDT
UNIDOWN.USDT,UNIDOWNUSDT,
UNIUP.USDT,UNIUPUSDT,
USDC.BNB,USDCBNB,
USDC.BTC,,USDC-BTC
USDC.BUSD,USDCBUSD,
USDC.PAX,USDCPAX,
USDC.TUSD,USDCTUSD,
USDC.USDT,USDCUSDT,USDC-USDT
USDS.PAX,USDSPAX,
USDS.TUSD,USDSTUSD,
USDS.USDC,USDSUSDC,
USDS.USDT,USDSUSDT,
USDT.BIDR,USDTBIDR,
USDT.BKRW,USDTBKRW,
USDT.BRL,USDTBRL,
USDT.BVND,USDTBVND,
USDT.DAI,USDTDAI,
USDT.IDRT,USDTIDRT,
USDT.NGN,USDTNGN,
USDT.RUB,USDTRUB,
USDT.TRY,USDTTRY,
USDT.UAH,USDTUAH,
USDT.USDK,,USDT-USDK
USDT.ZAR,USDTZAR,
UTK.BTC,UTKBTC,
UTK.USDT,UTKUSDT,UTK-USDT
VALUE.ETH,,VALUE-ETH
VALUE.USDT,,VALUE-USDT
VELO.USDT,,VELO-USDT
VET.BNB,VETBNB,
VET.BTC,VETBTC,
VET.BUSD,VETBUSD,
VET.ETH,VETETH,
VET.EUR,VETEUR,
VET.GBP,VETGBP,
VET.USDT,VETUSDT,
VIA.BNB,VIABNB,
VIA.BTC,VIABTC,
VIA.ETH,VIAETH,
VIB.BTC,VIBBTC,VIB-BTC
VIB.ETH,VIBETH,
VIB.USDT,,VIB-USDT
VIBE.BTC,VIBEBTC,
VIBE.ETH,VIBEETH,
VIDT.BTC,VIDTBTC,
VIDT.BUSD,VIDTBUSD,
VITE.BNB,VITEBNB,
VITE.BTC,VITEBTC,VITE-BTC
VITE.USDT,VITEUSDT,
VSYS.BTC,,VSYS-BTC
VSYS.USDK,,VSYS-USDK
VSYS.USDT,,VSYS-USDT
VTHO.BNB,VTHOBNB,
VTHO.BUSD,VTHOBUSD,
VTHO.USDT,VTHOUSDT,
WABI.BNB,WABIBNB,
WABI.BTC,WABIBTC,
WABI.ETH,WABIETH,
WAN.BNB,WANBNB,
WAN.BTC,WANBTC,
WAN.ETH,WANETH,
WAN.USDT,WANUSDT,
WAVES.BNB,WAVESBNB,
WAVES.BTC,WAVESBTC,WAVES-BTC
WAVES.BUSD,WAVESBUSD,
WAVES.ETH,WAVESETH,
WAVES.PAX,WAVESPAX,
WAVES.TUSD,WAVESTUSD,
WAVES.USDC,WAVESUSDC,
WAVES.USDT,WAVESUSDT,WAVES-USDT
WBTC.BTC,WBTCBTC,WBTC-BTC
WBTC.ETH,WBTCETH,WBTC-ETH
WBTC.USDT,,WBTC-USDT
WGRT.USDK,,WGRT-USDK
WGRT.USDT,,WGRT-USDT
WIN.BNB,WINBNB,
WIN.BRL,WINBRL,
WIN.BTC,WINBTC,
WIN.EUR,WINEUR,
WIN.TRX,WINTRX,
WIN.USDC,WINUSDC,
WIN.USDT,WINUSDT,
WING.BNB,WINGBNB,
WING.BTC,WINGBTC,
WING.BUSD,WINGBUSD,
WING.SBTC,WINGSBTC,
WING.USDT,WINGUSDT,WING-USDT
WINGS.BTC,WINGSBTC,
WINGS.ETH,WINGSETH,
WNXM.BNB,WNXMBNB,
WNXM.BTC,WNXMBTC,
WNXM.BUSD,WNXMBUSD,
WNXM.USDT,WNXMUSDT,WNXM-USDT
WPR.BTC,WPRBTC,
WPR.ETH,WPRETH,
WRX.BNB,WRXBNB,
WRX.BTC,WRXBTC,
WRX.BUSD,WRXBUSD,
WRX.USDT,WRXUSDT,
WTC.BNB,WTCBNB,
WTC.BTC,WTCBTC,WTC-BTC
WTC.ETH,WTCETH,
WTC.USDT,WTCUSDT,WTC-USDT
WXT.BTC,,WXT-BTC
WXT.USDK,,WXT-USDK
WXT.USDT,,WXT-USDT
XEM.BNB,XEMBNB,
XEM.BTC,XEMBTC,XEM-BTC
XEM.ETH,XEMETH,XEM-ETH
XEM.USDT,XEMUSDT,XEM-USDT
XLM.BNB,XLMBNB,
XLM.BTC,XLMBTC,XLM-BTC
XLM.BUSD,XLMBUSD,
XLM.ETH,XLMETH,XLM-ETH
XLM.EUR,XLMEUR,
XLM.PAX,XLMPAX,
XLM.TRY,XLMTRY,
XLM.TUSD,XLMTUSD,
XLM.USDC,XLMUSDC,
XLM.USDT,XLMUSDT,XLM-USDT
XLMDOWN.USDT,XLMDOWNUSDT,
XLMUP.USDT,XLMUPUSDT,
XMR.BNB,XMRBNB,
XMR.BTC,XMRBTC,XMR-BTC
XMR.BUSD,XMRBUSD,
XMR.ETH,XMRETH,XMR-ETH
XMR.USDT,XMRUSDT,XMR-USDT
XPO.USDT,,XPO-USDT
XPR.USDT,,XPR-USDT
XRP.AUD,XRPAUD,
XRP.BKRW,XRPBKRW,
XRP.BNB,XRPBNB,
XRP.BRL,XRPBRL,
XRP.BTC,XRPBTC,XRP-BTC
XRP.BUSD,XRPBUSD,
XRP.ETH,XRPETH,XRP-ETH
XRP.EUR,XRPEUR,
XRP.GBP,XRPGBP,
XRP.NGN,XRPNGN,
XRP.OKB,,XRP-OKB
XRP.PAX,XRPPAX,
XRP.RUB,XRPRUB,
XRP.TRY,XRPTRY,
XRP.TUSD,XRPTUSD,
XRP.USDC,XRPUSDC,XRP-USDC
XRP.USDK,,XRP-USDK
XRP.USDT,XRPUSDT,XRP-USDT
XRPBEAR.BUSD,XRPBEARBUSD,
XRPBEAR.USDT,XRPBEARUSDT,
XRPBULL.BUSD,XRPBULLBUSD,
XRPBULL.USDT,XRPBULLUSDT,
XRPDOWN.USDT,XRPDOWNUSDT,
XRPUP.USDT,XRPUPUSDT,
XSR.USDT,,XSR-USDT
XTZ.BNB,XTZBNB,
XTZ.BTC,XTZBTC,XTZ-BTC
XTZ.BUSD,XTZBUSD,
XTZ.USDT,XTZUSDT,XTZ-USDT
XTZDOWN.USDT,XTZDOWNUSDT,
XTZUP.USDT,XTZUPUSDT,
XUC.USDT,,XUC-USDT
XVG.BTC,XVGBTC,
XVG.BUSD,XVGBUSD,
XVG.ETH,XVGETH,
XVS.BNB,XVSBNB,
XVS.BTC,XVSBTC,
XVS.BUSD,XVSBUSD,
XVS.USDT,XVSUSDT,
YEE.USDT,,YEE-USDT
YFI.BNB,YFIBNB,
YFI.BTC,YFIBTC,YFI-BTC
YFI.BUSD,YFIBUSD,
YFI.ETH,,YFI-ETH
YFI.EUR,YFIEUR,
YFI.USDT,YFIUSDT,YFI-USDT
YFIDOWN.USDT,YFIDOWNUSDT,
YFII.BNB,YFIIBNB,
YFII.BTC,YFIIBTC,
YFII.BUSD,YFIIBUSD,
YFII.USDT,YFIIUSDT,YFII-USDT
YFIUP.USDT,YFIUPUSDT,
YOU.BTC,,YOU-BTC
YOU.USDT,,YOU-USDT
YOYO.BNB,YOYOBNB,
YOYO.BTC,YOYOBTC,
YOYO.ETH,YOYOETH,
YOYO.USDT,,YOYO-USDT
ZEC.BNB,ZECBNB,
ZEC.BTC,ZECBTC,ZEC-BTC
ZEC.BUSD,ZECBUSD,
ZEC.ETH,ZECETH,ZEC-ETH
ZEC.PAX,ZECPAX,
ZEC.TUSD,ZECTUSD,
ZEC.USDC,ZECUSDC,
ZEC.USDT,ZECUSDT,ZEC-USDT
ZEN.BNB,ZENBNB,
ZEN.BTC,ZENBTC,ZEN-BTC
ZEN.ETH,ZENETH,
ZEN.USDT,ZENUSDT,ZEN-USDT
ZIL.BIDR,ZILBIDR,
ZIL.BNB,ZILBNB,
ZIL.BTC,ZILBTC,ZIL-BTC
ZIL.BUSD,ZILBUSD,
ZIL.ETH,ZILETH,ZIL-ETH
ZIL.USDT,ZILUSDT,ZIL-USDT
ZKS.USDT,,ZKS-USDT
ZRX.BNB,ZRXBNB,
ZRX.BTC,ZRXBTC,ZRX-BTC
ZRX.BUSD,ZRXBUSD,
ZRX.ETH,ZRXETH,ZRX-ETH
ZRX.USDT,ZRXUSDT,ZRX-USDT
ZYRO.USDT,,ZYRO-USDT
